household_id,age
UK000001,72
UK000002,45
UK000002,43
UK000002,17
UK000002,13
UK000003,41
UK000003,39
UK000003,14
UK000004,61
UK000004,59
UK000005,45
UK000005,43
UK000005,17
UK000005,13
UK000006,29
UK000007,72
UK000008,49
UK000009,58
UK000009,56
UK000009,26
UK000010,58
UK000010,56
UK000010,26
UK000011,72
UK000012,33
UK000012,31
UK000012,3
UK000013,53
UK000013,52
UK000014,58
UK000014,56
UK000014,26
UK000015,58
UK000015,56
UK000015,26
UK000016,67
UK000016,65
UK000017,33
UK000017,31
UK000017,3
UK000018,34
UK000018,36
UK000018,8
UK000018,5
UK000019,61
UK000019,59
UK000020,41
UK000020,39
UK000020,14
UK000021,49
UK000022,41
UK000022,39
UK000022,14
UK000023,34
UK000023,36
UK000023,8
UK000023,5
UK000024,58
UK000024,56
UK000024,26
UK000025,27
UK000025,25
UK000026,29
UK000027,72
UK000028,41
UK000028,39
UK000028,14
UK000029,53
UK000029,52
UK000030,53
UK000030,52
UK000031,34
UK000031,36
UK000031,8
UK000031,5
UK000032,80
UK000033,61
UK000033,59
UK000034,32
UK000034,30
UK000034,1
UK000035,45
UK000035,43
UK000035,17
UK000035,13
UK000036,32
UK000036,30
UK000036,1
UK000037,72
UK000038,80
UK000039,58
UK000039,56
UK000039,26
UK000040,32
UK000040,30
UK000040,1
UK000041,24
UK000041,22
UK000041,0
UK000042,58
UK000042,56
UK000042,26
UK000043,34
UK000043,36
UK000043,8
UK000043,5
UK000044,49
UK000045,61
UK000045,59
UK000046,32
UK000046,30
UK000046,1
UK000047,61
UK000047,59
UK000048,37
UK000048,35
UK000048,9
UK000049,72
UK000050,33
UK000050,31
UK000050,3
UK000051,41
UK000051,39
UK000051,14
UK000052,32
UK000052,30
UK000052,1
UK000053,45
UK000053,43
UK000053,17
UK000053,13
UK000054,33
UK000054,31
UK000054,3
UK000055,58
UK000055,56
UK000055,26
UK000056,58
UK000056,56
UK000056,26
UK000057,49
UK000058,41
UK000058,39
UK000058,14
UK000059,27
UK000059,25
UK000060,49
UK000061,58
UK000061,56
UK000061,26
UK000062,34
UK000062,36
UK000062,8
UK000062,5
UK000063,24
UK000063,22
UK000063,0
UK000064,41
UK000064,39
UK000064,14
UK000065,37
UK000065,35
UK000065,9
UK000066,34
UK000066,36
UK000066,8
UK000066,5
UK000067,37
UK000067,35
UK000067,9
UK000068,67
UK000068,65
UK000069,49
UK000070,72
UK000071,80
UK000072,32
UK000072,30
UK000072,1
UK000073,67
UK000073,65
UK000074,32
UK000074,30
UK000074,1
UK000075,33
UK000075,31
UK000075,3
UK000076,53
UK000076,52
UK000077,27
UK000077,25
UK000078,49
UK000079,27
UK000079,25
UK000080,72
UK000081,34
UK000081,36
UK000081,8
UK000081,5
UK000082,53
UK000082,52
UK000083,27
UK000083,25
UK000084,24
UK000084,22
UK000084,0
UK000085,34
UK000085,36
UK000085,8
UK000085,5
UK000086,45
UK000086,43
UK000086,17
UK000086,13
UK000087,37
UK000087,35
UK000087,9
UK000088,45
UK000088,43
UK000088,17
UK000088,13
UK000089,61
UK000089,59
UK000090,61
UK000090,59
UK000091,34
UK000091,36
UK000091,8
UK000091,5
UK000092,29
UK000093,41
UK000093,39
UK000093,14
UK000094,37
UK000094,35
UK000094,9
UK000095,41
UK000095,39
UK000095,14
UK000096,41
UK000096,39
UK000096,14
UK000097,61
UK000097,59
UK000098,34
UK000098,36
UK000098,8
UK000098,5
UK000099,49
UK000100,41
UK000100,39
UK000100,14
UK000101,49
UK000102,34
UK000102,36
UK000102,8
UK000102,5
UK000103,58
UK000103,56
UK000103,26
UK000104,45
UK000104,43
UK000104,17
UK000104,13
UK000105,32
UK000105,30
UK000105,1
UK000106,72
UK000107,58
UK000107,56
UK000107,26
UK000108,61
UK000108,59
UK000109,37
UK000109,35
UK000109,9
UK000110,34
UK000110,36
UK000110,8
UK000110,5
UK000111,33
UK000111,31
UK000111,3
UK000112,61
UK000112,59
UK000113,41
UK000113,39
UK000113,14
UK000114,53
UK000114,52
UK000115,37
UK000115,35
UK000115,9
UK000116,67
UK000116,65
UK000117,41
UK000117,39
UK000117,14
UK000118,72
UK000119,49
UK000120,80
UK000121,53
UK000121,52
UK000122,80
UK000123,49
UK000124,37
UK000124,35
UK000124,9
UK000125,53
UK000125,52
UK000126,58
UK000126,56
UK000126,26
UK000127,29
UK000128,33
UK000128,31
UK000128,3
UK000129,49
UK000130,61
UK000130,59
UK000131,72
UK000132,53
UK000132,52
UK000133,27
UK000133,25
UK000134,34
UK000134,36
UK000134,8
UK000134,5
UK000135,37
UK000135,35
UK000135,9
UK000136,27
UK000136,25
UK000137,27
UK000137,25
UK000138,80
UK000139,61
UK000139,59
UK000140,34
UK000140,36
UK000140,8
UK000140,5
UK000141,33
UK000141,31
UK000141,3
UK000142,58
UK000142,56
UK000142,26
UK000143,53
UK000143,52
UK000144,58
UK000144,56
UK000144,26
UK000145,29
UK000146,37
UK000146,35
UK000146,9
UK000147,67
UK000147,65
UK000148,58
UK000148,56
UK000148,26
UK000149,41
UK000149,39
UK000149,14
UK000150,45
UK000150,43
UK000150,17
UK000150,13
UK000151,67
UK000151,65
UK000152,24
UK000152,22
UK000152,0
UK000153,58
UK000153,56
UK000153,26
UK000154,45
UK000154,43
UK000154,17
UK000154,13
UK000155,49
UK000156,72
UK000157,41
UK000157,39
UK000157,14
UK000158,24
UK000158,22
UK000158,0
UK000159,24
UK000159,22
UK000159,0
UK000160,34
UK000160,36
UK000160,8
UK000160,5
UK000161,24
UK000161,22
UK000161,0
UK000162,45
UK000162,43
UK000162,17
UK000162,13
UK000163,67
UK000163,65
UK000164,41
UK000164,39
UK000164,14
UK000165,58
UK000165,56
UK000165,26
UK000166,41
UK000166,39
UK000166,14
UK000167,58
UK000167,56
UK000167,26
UK000168,53
UK000168,52
UK000169,53
UK000169,52
UK000170,32
UK000170,30
UK000170,1
UK000171,32
UK000171,30
UK000171,1
UK000172,49
UK000173,34
UK000173,36
UK000173,8
UK000173,5
UK000174,45
UK000174,43
UK000174,17
UK000174,13
UK000175,32
UK000175,30
UK000175,1
UK000176,58
UK000176,56
UK000176,26
UK000177,49
UK000178,67
UK000178,65
UK000179,53
UK000179,52
UK000180,34
UK000180,36
UK000180,8
UK000180,5
UK000181,32
UK000181,30
UK000181,1
UK000182,58
UK000182,56
UK000182,26
UK000183,29
UK000184,72
UK000185,37
UK000185,35
UK000185,9
UK000186,27
UK000186,25
UK000187,37
UK000187,35
UK000187,9
UK000188,61
UK000188,59
UK000189,58
UK000189,56
UK000189,26
UK000190,37
UK000190,35
UK000190,9
UK000191,24
UK000191,22
UK000191,0
UK000192,27
UK000192,25
UK000193,58
UK000193,56
UK000193,26
UK000194,24
UK000194,22
UK000194,0
UK000195,33
UK000195,31
UK000195,3
UK000196,49
UK000197,72
UK000198,61
UK000198,59
UK000199,49
UK000200,45
UK000200,43
UK000200,17
UK000200,13
UK000201,33
UK000201,31
UK000201,3
UK000202,49
UK000203,37
UK000203,35
UK000203,9
UK000204,41
UK000204,39
UK000204,14
UK000205,80
UK000206,29
UK000207,45
UK000207,43
UK000207,17
UK000207,13
UK000208,58
UK000208,56
UK000208,26
UK000209,72
UK000210,49
UK000211,72
UK000212,49
UK000213,80
UK000214,29
UK000215,27
UK000215,25
UK000216,58
UK000216,56
UK000216,26
UK000217,67
UK000217,65
UK000218,27
UK000218,25
UK000219,45
UK000219,43
UK000219,17
UK000219,13
UK000220,27
UK000220,25
UK000221,37
UK000221,35
UK000221,9
UK000222,67
UK000222,65
UK000223,27
UK000223,25
UK000224,45
UK000224,43
UK000224,17
UK000224,13
UK000225,58
UK000225,56
UK000225,26
UK000226,72
UK000227,33
UK000227,31
UK000227,3
UK000228,29
UK000229,34
UK000229,36
UK000229,8
UK000229,5
UK000230,61
UK000230,59
UK000231,32
UK000231,30
UK000231,1
UK000232,53
UK000232,52
UK000233,32
UK000233,30
UK000233,1
UK000234,72
UK000235,32
UK000235,30
UK000235,1
UK000236,53
UK000236,52
UK000237,58
UK000237,56
UK000237,26
UK000238,37
UK000238,35
UK000238,9
UK000239,67
UK000239,65
UK000240,72
UK000241,27
UK000241,25
UK000242,80
UK000243,34
UK000243,36
UK000243,8
UK000243,5
UK000244,58
UK000244,56
UK000244,26
UK000245,49
UK000246,67
UK000246,65
UK000247,41
UK000247,39
UK000247,14
UK000248,45
UK000248,43
UK000248,17
UK000248,13
UK000249,80
UK000250,33
UK000250,31
UK000250,3
UK000251,61
UK000251,59
UK000252,37
UK000252,35
UK000252,9
UK000253,61
UK000253,59
UK000254,72
UK000255,34
UK000255,36
UK000255,8
UK000255,5
UK000256,32
UK000256,30
UK000256,1
UK000257,33
UK000257,31
UK000257,3
UK000258,24
UK000258,22
UK000258,0
UK000259,72
UK000260,45
UK000260,43
UK000260,17
UK000260,13
UK000261,33
UK000261,31
UK000261,3
UK000262,24
UK000262,22
UK000262,0
UK000263,80
UK000264,32
UK000264,30
UK000264,1
UK000265,27
UK000265,25
UK000266,67
UK000266,65
UK000267,80
UK000268,41
UK000268,39
UK000268,14
UK000269,29
UK000270,27
UK000270,25
UK000271,45
UK000271,43
UK000271,17
UK000271,13
UK000272,24
UK000272,22
UK000272,0
UK000273,41
UK000273,39
UK000273,14
UK000274,49
UK000275,61
UK000275,59
UK000276,27
UK000276,25
UK000277,29
UK000278,72
UK000279,61
UK000279,59
UK000280,61
UK000280,59
UK000281,37
UK000281,35
UK000281,9
UK000282,53
UK000282,52
UK000283,32
UK000283,30
UK000283,1
UK000284,53
UK000284,52
UK000285,24
UK000285,22
UK000285,0
UK000286,24
UK000286,22
UK000286,0
UK000287,67
UK000287,65
UK000288,72
UK000289,67
UK000289,65
UK000290,24
UK000290,22
UK000290,0
UK000291,41
UK000291,39
UK000291,14
UK000292,49
UK000293,34
UK000293,36
UK000293,8
UK000293,5
UK000294,34
UK000294,36
UK000294,8
UK000294,5
UK000295,61
UK000295,59
UK000296,58
UK000296,56
UK000296,26
UK000297,34
UK000297,36
UK000297,8
UK000297,5
UK000298,72
UK000299,67
UK000299,65
UK000300,61
UK000300,59
UK000301,80
UK000302,33
UK000302,31
UK000302,3
UK000303,80
UK000304,29
UK000305,80
UK000306,58
UK000306,56
UK000306,26
UK000307,24
UK000307,22
UK000307,0
UK000308,34
UK000308,36
UK000308,8
UK000308,5
UK000309,37
UK000309,35
UK000309,9
UK000310,53
UK000310,52
UK000311,27
UK000311,25
UK000312,67
UK000312,65
UK000313,61
UK000313,59
UK000314,67
UK000314,65
UK000315,61
UK000315,59
UK000316,49
UK000317,24
UK000317,22
UK000317,0
UK000318,49
UK000319,41
UK000319,39
UK000319,14
UK000320,32
UK000320,30
UK000320,1
UK000321,72
UK000322,80
UK000323,53
UK000323,52
UK000324,32
UK000324,30
UK000324,1
UK000325,29
UK000326,53
UK000326,52
UK000327,29
UK000328,27
UK000328,25
UK000329,37
UK000329,35
UK000329,9
UK000330,34
UK000330,36
UK000330,8
UK000330,5
UK000331,27
UK000331,25
UK000332,37
UK000332,35
UK000332,9
UK000333,80
UK000334,37
UK000334,35
UK000334,9
UK000335,24
UK000335,22
UK000335,0
UK000336,49
UK000337,72
UK000338,29
UK000339,29
UK000340,58
UK000340,56
UK000340,26
UK000341,41
UK000341,39
UK000341,14
UK000342,24
UK000342,22
UK000342,0
UK000343,49
UK000344,33
UK000344,31
UK000344,3
UK000345,61
UK000345,59
UK000346,53
UK000346,52
UK000347,32
UK000347,30
UK000347,1
UK000348,53
UK000348,52
UK000349,34
UK000349,36
UK000349,8
UK000349,5
UK000350,33
UK000350,31
UK000350,3
UK000351,41
UK000351,39
UK000351,14
UK000352,58
UK000352,56
UK000352,26
UK000353,72
UK000354,29
UK000355,53
UK000355,52
UK000356,67
UK000356,65
UK000357,27
UK000357,25
UK000358,61
UK000358,59
UK000359,24
UK000359,22
UK000359,0
UK000360,49
UK000361,72
UK000362,72
UK000363,53
UK000363,52
UK000364,29
UK000365,27
UK000365,25
UK000366,41
UK000366,39
UK000366,14
UK000367,53
UK000367,52
UK000368,72
UK000369,37
UK000369,35
UK000369,9
UK000370,27
UK000370,25
UK000371,24
UK000371,22
UK000371,0
UK000372,67
UK000372,65
UK000373,67
UK000373,65
UK000374,61
UK000374,59
UK000375,58
UK000375,56
UK000375,26
UK000376,53
UK000376,52
UK000377,41
UK000377,39
UK000377,14
UK000378,34
UK000378,36
UK000378,8
UK000378,5
UK000379,80
UK000380,58
UK000380,56
UK000380,26
UK000381,49
UK000382,37
UK000382,35
UK000382,9
UK000383,67
UK000383,65
UK000384,72
UK000385,72
UK000386,41
UK000386,39
UK000386,14
UK000387,29
UK000388,67
UK000388,65
UK000389,80
UK000390,67
UK000390,65
UK000391,53
UK000391,52
UK000392,34
UK000392,36
UK000392,8
UK000392,5
UK000393,45
UK000393,43
UK000393,17
UK000393,13
UK000394,61
UK000394,59
UK000395,37
UK000395,35
UK000395,9
UK000396,37
UK000396,35
UK000396,9
UK000397,53
UK000397,52
UK000398,61
UK000398,59
UK000399,72
UK000400,80
UK000401,37
UK000401,35
UK000401,9
UK000402,58
UK000402,56
UK000402,26
UK000403,34
UK000403,36
UK000403,8
UK000403,5
UK000404,37
UK000404,35
UK000404,9
UK000405,34
UK000405,36
UK000405,8
UK000405,5
UK000406,80
UK000407,41
UK000407,39
UK000407,14
UK000408,49
UK000409,33
UK000409,31
UK000409,3
UK000410,58
UK000410,56
UK000410,26
UK000411,27
UK000411,25
UK000412,29
UK000413,24
UK000413,22
UK000413,0
UK000414,49
UK000415,41
UK000415,39
UK000415,14
UK000416,24
UK000416,22
UK000416,0
UK000417,24
UK000417,22
UK000417,0
UK000418,37
UK000418,35
UK000418,9
UK000419,61
UK000419,59
UK000420,32
UK000420,30
UK000420,1
UK000421,80
UK000422,33
UK000422,31
UK000422,3
UK000423,49
UK000424,34
UK000424,36
UK000424,8
UK000424,5
UK000425,45
UK000425,43
UK000425,17
UK000425,13
UK000426,34
UK000426,36
UK000426,8
UK000426,5
UK000427,33
UK000427,31
UK000427,3
UK000428,24
UK000428,22
UK000428,0
UK000429,37
UK000429,35
UK000429,9
UK000430,33
UK000430,31
UK000430,3
UK000431,29
UK000432,53
UK000432,52
UK000433,29
UK000434,45
UK000434,43
UK000434,17
UK000434,13
UK000435,29
UK000436,41
UK000436,39
UK000436,14
UK000437,37
UK000437,35
UK000437,9
UK000438,72
UK000439,45
UK000439,43
UK000439,17
UK000439,13
UK000440,37
UK000440,35
UK000440,9
UK000441,53
UK000441,52
UK000442,45
UK000442,43
UK000442,17
UK000442,13
UK000443,61
UK000443,59
UK000444,41
UK000444,39
UK000444,14
UK000445,45
UK000445,43
UK000445,17
UK000445,13
UK000446,29
UK000447,29
UK000448,58
UK000448,56
UK000448,26
UK000449,80
UK000450,80
UK000451,27
UK000451,25
UK000452,67
UK000452,65
UK000453,34
UK000453,36
UK000453,8
UK000453,5
UK000454,41
UK000454,39
UK000454,14
UK000455,29
UK000456,29
UK000457,27
UK000457,25
UK000458,49
UK000459,37
UK000459,35
UK000459,9
UK000460,33
UK000460,31
UK000460,3
UK000461,53
UK000461,52
UK000462,49
UK000463,34
UK000463,36
UK000463,8
UK000463,5
UK000464,61
UK000464,59
UK000465,24
UK000465,22
UK000465,0
UK000466,67
UK000466,65
UK000467,34
UK000467,36
UK000467,8
UK000467,5
UK000468,61
UK000468,59
UK000469,53
UK000469,52
UK000470,41
UK000470,39
UK000470,14
UK000471,33
UK000471,31
UK000471,3
UK000472,45
UK000472,43
UK000472,17
UK000472,13
UK000473,61
UK000473,59
UK000474,33
UK000474,31
UK000474,3
UK000475,49
UK000476,80
UK000477,41
UK000477,39
UK000477,14
UK000478,34
UK000478,36
UK000478,8
UK000478,5
UK000479,29
UK000480,49
UK000481,45
UK000481,43
UK000481,17
UK000481,13
UK000482,72
UK000483,24
UK000483,22
UK000483,0
UK000484,80
UK000485,80
UK000486,58
UK000486,56
UK000486,26
UK000487,34
UK000487,36
UK000487,8
UK000487,5
UK000488,53
UK000488,52
UK000489,80
UK000490,80
UK000491,24
UK000491,22
UK000491,0
UK000492,61
UK000492,59
UK000493,24
UK000493,22
UK000493,0
UK000494,32
UK000494,30
UK000494,1
UK000495,72
UK000496,61
UK000496,59
UK000497,41
UK000497,39
UK000497,14
UK000498,53
UK000498,52
UK000499,33
UK000499,31
UK000499,3
UK000500,72
UK000501,67
UK000501,65
UK000502,41
UK000502,39
UK000502,14
UK000503,27
UK000503,25
UK000504,24
UK000504,22
UK000504,0
UK000505,49
UK000506,61
UK000506,59
UK000507,37
UK000507,35
UK000507,9
UK000508,41
UK000508,39
UK000508,14
UK000509,24
UK000509,22
UK000509,0
UK000510,41
UK000510,39
UK000510,14
UK000511,27
UK000511,25
UK000512,72
UK000513,80
UK000514,34
UK000514,36
UK000514,8
UK000514,5
UK000515,24
UK000515,22
UK000515,0
UK000516,72
UK000517,53
UK000517,52
UK000518,29
UK000519,72
UK000520,61
UK000520,59
UK000521,32
UK000521,30
UK000521,1
UK000522,49
UK000523,58
UK000523,56
UK000523,26
UK000524,33
UK000524,31
UK000524,3
UK000525,49
UK000526,61
UK000526,59
UK000527,29
UK000528,41
UK000528,39
UK000528,14
UK000529,72
UK000530,24
UK000530,22
UK000530,0
UK000531,53
UK000531,52
UK000532,53
UK000532,52
UK000533,80
UK000534,37
UK000534,35
UK000534,9
UK000535,61
UK000535,59
UK000536,45
UK000536,43
UK000536,17
UK000536,13
UK000537,80
UK000538,61
UK000538,59
UK000539,33
UK000539,31
UK000539,3
UK000540,41
UK000540,39
UK000540,14
UK000541,34
UK000541,36
UK000541,8
UK000541,5
UK000542,53
UK000542,52
UK000543,29
UK000544,27
UK000544,25
UK000545,67
UK000545,65
UK000546,32
UK000546,30
UK000546,1
UK000547,34
UK000547,36
UK000547,8
UK000547,5
UK000548,37
UK000548,35
UK000548,9
UK000549,80
UK000550,27
UK000550,25
UK000551,37
UK000551,35
UK000551,9
UK000552,80
UK000553,58
UK000553,56
UK000553,26
UK000554,24
UK000554,22
UK000554,0
UK000555,33
UK000555,31
UK000555,3
UK000556,72
UK000557,37
UK000557,35
UK000557,9
UK000558,72
UK000559,29
UK000560,32
UK000560,30
UK000560,1
UK000561,37
UK000561,35
UK000561,9
UK000562,61
UK000562,59
UK000563,33
UK000563,31
UK000563,3
UK000564,29
UK000565,41
UK000565,39
UK000565,14
UK000566,67
UK000566,65
UK000567,49
UK000568,53
UK000568,52
UK000569,29
UK000570,32
UK000570,30
UK000570,1
UK000571,67
UK000571,65
UK000572,32
UK000572,30
UK000572,1
UK000573,58
UK000573,56
UK000573,26
UK000574,58
UK000574,56
UK000574,26
UK000575,61
UK000575,59
UK000576,45
UK000576,43
UK000576,17
UK000576,13
UK000577,58
UK000577,56
UK000577,26
UK000578,32
UK000578,30
UK000578,1
UK000579,33
UK000579,31
UK000579,3
UK000580,67
UK000580,65
UK000581,29
UK000582,72
UK000583,53
UK000583,52
UK000584,37
UK000584,35
UK000584,9
UK000585,72
UK000586,53
UK000586,52
UK000587,53
UK000587,52
UK000588,33
UK000588,31
UK000588,3
UK000589,49
UK000590,33
UK000590,31
UK000590,3
UK000591,67
UK000591,65
UK000592,33
UK000592,31
UK000592,3
UK000593,32
UK000593,30
UK000593,1
UK000594,34
UK000594,36
UK000594,8
UK000594,5
UK000595,32
UK000595,30
UK000595,1
UK000596,53
UK000596,52
UK000597,45
UK000597,43
UK000597,17
UK000597,13
UK000598,37
UK000598,35
UK000598,9
UK000599,27
UK000599,25
UK000600,67
UK000600,65
UK000601,41
UK000601,39
UK000601,14
UK000602,61
UK000602,59
UK000603,32
UK000603,30
UK000603,1
UK000604,49
UK000605,58
UK000605,56
UK000605,26
UK000606,72
UK000607,61
UK000607,59
UK000608,61
UK000608,59
UK000609,41
UK000609,39
UK000609,14
UK000610,58
UK000610,56
UK000610,26
UK000611,27
UK000611,25
UK000612,27
UK000612,25
UK000613,34
UK000613,36
UK000613,8
UK000613,5
UK000614,29
UK000615,72
UK000616,37
UK000616,35
UK000616,9
UK000617,37
UK000617,35
UK000617,9
UK000618,58
UK000618,56
UK000618,26
UK000619,67
UK000619,65
UK000620,32
UK000620,30
UK000620,1
UK000621,58
UK000621,56
UK000621,26
UK000622,67
UK000622,65
UK000623,72
UK000624,33
UK000624,31
UK000624,3
UK000625,53
UK000625,52
UK000626,27
UK000626,25
UK000627,24
UK000627,22
UK000627,0
UK000628,32
UK000628,30
UK000628,1
UK000629,61
UK000629,59
UK000630,34
UK000630,36
UK000630,8
UK000630,5
UK000631,37
UK000631,35
UK000631,9
UK000632,53
UK000632,52
UK000633,45
UK000633,43
UK000633,17
UK000633,13
UK000634,37
UK000634,35
UK000634,9
UK000635,80
UK000636,41
UK000636,39
UK000636,14
UK000637,37
UK000637,35
UK000637,9
UK000638,24
UK000638,22
UK000638,0
UK000639,72
UK000640,29
UK000641,53
UK000641,52
UK000642,34
UK000642,36
UK000642,8
UK000642,5
UK000643,32
UK000643,30
UK000643,1
UK000644,61
UK000644,59
UK000645,49
UK000646,32
UK000646,30
UK000646,1
UK000647,41
UK000647,39
UK000647,14
UK000648,24
UK000648,22
UK000648,0
UK000649,33
UK000649,31
UK000649,3
UK000650,37
UK000650,35
UK000650,9
UK000651,67
UK000651,65
UK000652,58
UK000652,56
UK000652,26
UK000653,61
UK000653,59
UK000654,32
UK000654,30
UK000654,1
UK000655,29
UK000656,49
UK000657,41
UK000657,39
UK000657,14
UK000658,37
UK000658,35
UK000658,9
UK000659,49
UK000660,29
UK000661,24
UK000661,22
UK000661,0
UK000662,45
UK000662,43
UK000662,17
UK000662,13
UK000663,41
UK000663,39
UK000663,14
UK000664,29
UK000665,37
UK000665,35
UK000665,9
UK000666,33
UK000666,31
UK000666,3
UK000667,24
UK000667,22
UK000667,0
UK000668,41
UK000668,39
UK000668,14
UK000669,41
UK000669,39
UK000669,14
UK000670,61
UK000670,59
UK000671,27
UK000671,25
UK000672,61
UK000672,59
UK000673,27
UK000673,25
UK000674,72
UK000675,61
UK000675,59
UK000676,72
UK000677,29
UK000678,80
UK000679,49
UK000680,49
UK000681,58
UK000681,56
UK000681,26
UK000682,37
UK000682,35
UK000682,9
UK000683,37
UK000683,35
UK000683,9
UK000684,41
UK000684,39
UK000684,14
UK000685,58
UK000685,56
UK000685,26
UK000686,33
UK000686,31
UK000686,3
UK000687,29
UK000688,34
UK000688,36
UK000688,8
UK000688,5
UK000689,27
UK000689,25
UK000690,49
UK000691,58
UK000691,56
UK000691,26
UK000692,72
UK000693,24
UK000693,22
UK000693,0
UK000694,80
UK000695,58
UK000695,56
UK000695,26
UK000696,80
UK000697,53
UK000697,52
UK000698,58
UK000698,56
UK000698,26
UK000699,32
UK000699,30
UK000699,1
UK000700,37
UK000700,35
UK000700,9
UK000701,67
UK000701,65
UK000702,72
UK000703,32
UK000703,30
UK000703,1
UK000704,53
UK000704,52
UK000705,24
UK000705,22
UK000705,0
UK000706,58
UK000706,56
UK000706,26
UK000707,67
UK000707,65
UK000708,32
UK000708,30
UK000708,1
UK000709,67
UK000709,65
UK000710,80
UK000711,33
UK000711,31
UK000711,3
UK000712,24
UK000712,22
UK000712,0
UK000713,27
UK000713,25
UK000714,32
UK000714,30
UK000714,1
UK000715,58
UK000715,56
UK000715,26
UK000716,32
UK000716,30
UK000716,1
UK000717,27
UK000717,25
UK000718,27
UK000718,25
UK000719,45
UK000719,43
UK000719,17
UK000719,13
UK000720,61
UK000720,59
UK000721,80
UK000722,41
UK000722,39
UK000722,14
UK000723,49
UK000724,27
UK000724,25
UK000725,29
UK000726,58
UK000726,56
UK000726,26
UK000727,49
UK000728,53
UK000728,52
UK000729,67
UK000729,65
UK000730,72
UK000731,33
UK000731,31
UK000731,3
UK000732,61
UK000732,59
UK000733,27
UK000733,25
UK000734,45
UK000734,43
UK000734,17
UK000734,13
UK000735,67
UK000735,65
UK000736,80
UK000737,33
UK000737,31
UK000737,3
UK000738,67
UK000738,65
UK000739,61
UK000739,59
UK000740,41
UK000740,39
UK000740,14
UK000741,49
UK000742,41
UK000742,39
UK000742,14
UK000743,37
UK000743,35
UK000743,9
UK000744,27
UK000744,25
UK000745,53
UK000745,52
UK000746,33
UK000746,31
UK000746,3
UK000747,37
UK000747,35
UK000747,9
UK000748,53
UK000748,52
UK000749,53
UK000749,52
UK000750,80
UK000751,61
UK000751,59
UK000752,53
UK000752,52
UK000753,33
UK000753,31
UK000753,3
UK000754,27
UK000754,25
UK000755,45
UK000755,43
UK000755,17
UK000755,13
UK000756,67
UK000756,65
UK000757,24
UK000757,22
UK000757,0
UK000758,80
UK000759,24
UK000759,22
UK000759,0
UK000760,72
UK000761,80
UK000762,24
UK000762,22
UK000762,0
UK000763,27
UK000763,25
UK000764,34
UK000764,36
UK000764,8
UK000764,5
UK000765,33
UK000765,31
UK000765,3
UK000766,33
UK000766,31
UK000766,3
UK000767,58
UK000767,56
UK000767,26
UK000768,33
UK000768,31
UK000768,3
UK000769,58
UK000769,56
UK000769,26
UK000770,72
UK000771,29
UK000772,67
UK000772,65
UK000773,72
UK000774,37
UK000774,35
UK000774,9
UK000775,24
UK000775,22
UK000775,0
UK000776,41
UK000776,39
UK000776,14
UK000777,33
UK000777,31
UK000777,3
UK000778,27
UK000778,25
UK000779,61
UK000779,59
UK000780,33
UK000780,31
UK000780,3
UK000781,29
UK000782,72
UK000783,67
UK000783,65
UK000784,29
UK000785,61
UK000785,59
UK000786,53
UK000786,52
UK000787,67
UK000787,65
UK000788,80
UK000789,33
UK000789,31
UK000789,3
UK000790,27
UK000790,25
UK000791,53
UK000791,52
UK000792,37
UK000792,35
UK000792,9
UK000793,49
UK000794,34
UK000794,36
UK000794,8
UK000794,5
UK000795,32
UK000795,30
UK000795,1
UK000796,80
UK000797,61
UK000797,59
UK000798,61
UK000798,59
UK000799,33
UK000799,31
UK000799,3
UK000800,53
UK000800,52
UK000801,24
UK000801,22
UK000801,0
UK000802,67
UK000802,65
UK000803,80
UK000804,27
UK000804,25
UK000805,53
UK000805,52
UK000806,24
UK000806,22
UK000806,0
UK000807,33
UK000807,31
UK000807,3
UK000808,33
UK000808,31
UK000808,3
UK000809,67
UK000809,65
UK000810,32
UK000810,30
UK000810,1
UK000811,29
UK000812,29
UK000813,80
UK000814,33
UK000814,31
UK000814,3
UK000815,34
UK000815,36
UK000815,8
UK000815,5
UK000816,32
UK000816,30
UK000816,1
UK000817,49
UK000818,67
UK000818,65
UK000819,67
UK000819,65
UK000820,61
UK000820,59
UK000821,41
UK000821,39
UK000821,14
UK000822,45
UK000822,43
UK000822,17
UK000822,13
UK000823,45
UK000823,43
UK000823,17
UK000823,13
UK000824,80
UK000825,45
UK000825,43
UK000825,17
UK000825,13
UK000826,67
UK000826,65
UK000827,53
UK000827,52
UK000828,24
UK000828,22
UK000828,0
UK000829,24
UK000829,22
UK000829,0
UK000830,34
UK000830,36
UK000830,8
UK000830,5
UK000831,41
UK000831,39
UK000831,14
UK000832,61
UK000832,59
UK000833,80
UK000834,32
UK000834,30
UK000834,1
UK000835,41
UK000835,39
UK000835,14
UK000836,33
UK000836,31
UK000836,3
UK000837,27
UK000837,25
UK000838,58
UK000838,56
UK000838,26
UK000839,41
UK000839,39
UK000839,14
UK000840,61
UK000840,59
UK000841,80
UK000842,29
UK000843,27
UK000843,25
UK000844,34
UK000844,36
UK000844,8
UK000844,5
UK000845,53
UK000845,52
UK000846,45
UK000846,43
UK000846,17
UK000846,13
UK000847,58
UK000847,56
UK000847,26
UK000848,53
UK000848,52
UK000849,27
UK000849,25
UK000850,27
UK000850,25
UK000851,80
UK000852,29
UK000853,32
UK000853,30
UK000853,1
UK000854,32
UK000854,30
UK000854,1
UK000855,37
UK000855,35
UK000855,9
UK000856,37
UK000856,35
UK000856,9
UK000857,29
UK000858,67
UK000858,65
UK000859,37
UK000859,35
UK000859,9
UK000860,45
UK000860,43
UK000860,17
UK000860,13
UK000861,45
UK000861,43
UK000861,17
UK000861,13
UK000862,41
UK000862,39
UK000862,14
UK000863,29
UK000864,34
UK000864,36
UK000864,8
UK000864,5
UK000865,37
UK000865,35
UK000865,9
UK000866,37
UK000866,35
UK000866,9
UK000867,27
UK000867,25
UK000868,27
UK000868,25
UK000869,49
UK000870,53
UK000870,52
UK000871,33
UK000871,31
UK000871,3
UK000872,67
UK000872,65
UK000873,33
UK000873,31
UK000873,3
UK000874,58
UK000874,56
UK000874,26
UK000875,24
UK000875,22
UK000875,0
UK000876,27
UK000876,25
UK000877,53
UK000877,52
UK000878,67
UK000878,65
UK000879,61
UK000879,59
UK000880,37
UK000880,35
UK000880,9
UK000881,49
UK000882,33
UK000882,31
UK000882,3
UK000883,45
UK000883,43
UK000883,17
UK000883,13
UK000884,37
UK000884,35
UK000884,9
UK000885,49
UK000886,61
UK000886,59
UK000887,34
UK000887,36
UK000887,8
UK000887,5
UK000888,67
UK000888,65
UK000889,32
UK000889,30
UK000889,1
UK000890,67
UK000890,65
UK000891,67
UK000891,65
UK000892,53
UK000892,52
UK000893,37
UK000893,35
UK000893,9
UK000894,27
UK000894,25
UK000895,58
UK000895,56
UK000895,26
UK000896,34
UK000896,36
UK000896,8
UK000896,5
UK000897,27
UK000897,25
UK000898,58
UK000898,56
UK000898,26
UK000899,27
UK000899,25
UK000900,72
UK000901,67
UK000901,65
UK000902,34
UK000902,36
UK000902,8
UK000902,5
UK000903,45
UK000903,43
UK000903,17
UK000903,13
UK000904,53
UK000904,52
UK000905,45
UK000905,43
UK000905,17
UK000905,13
UK000906,33
UK000906,31
UK000906,3
UK000907,32
UK000907,30
UK000907,1
UK000908,33
UK000908,31
UK000908,3
UK000909,33
UK000909,31
UK000909,3
UK000910,67
UK000910,65
UK000911,53
UK000911,52
UK000912,33
UK000912,31
UK000912,3
UK000913,45
UK000913,43
UK000913,17
UK000913,13
UK000914,49
UK000915,32
UK000915,30
UK000915,1
UK000916,72
UK000917,49
UK000918,61
UK000918,59
UK000919,45
UK000919,43
UK000919,17
UK000919,13
UK000920,58
UK000920,56
UK000920,26
UK000921,53
UK000921,52
UK000922,41
UK000922,39
UK000922,14
UK000923,67
UK000923,65
UK000924,27
UK000924,25
UK000925,80
UK000926,41
UK000926,39
UK000926,14
UK000927,37
UK000927,35
UK000927,9
UK000928,33
UK000928,31
UK000928,3
UK000929,61
UK000929,59
UK000930,45
UK000930,43
UK000930,17
UK000930,13
UK000931,27
UK000931,25
UK000932,32
UK000932,30
UK000932,1
UK000933,72
UK000934,72
UK000935,67
UK000935,65
UK000936,53
UK000936,52
UK000937,27
UK000937,25
UK000938,61
UK000938,59
UK000939,67
UK000939,65
UK000940,29
UK000941,32
UK000941,30
UK000941,1
UK000942,72
UK000943,37
UK000943,35
UK000943,9
UK000944,53
UK000944,52
UK000945,24
UK000945,22
UK000945,0
UK000946,67
UK000946,65
UK000947,34
UK000947,36
UK000947,8
UK000947,5
UK000948,41
UK000948,39
UK000948,14
UK000949,41
UK000949,39
UK000949,14
UK000950,32
UK000950,30
UK000950,1
UK000951,32
UK000951,30
UK000951,1
UK000952,80
UK000953,24
UK000953,22
UK000953,0
UK000954,58
UK000954,56
UK000954,26
UK000955,49
UK000956,24
UK000956,22
UK000956,0
UK000957,24
UK000957,22
UK000957,0
UK000958,24
UK000958,22
UK000958,0
UK000959,72
UK000960,24
UK000960,22
UK000960,0
UK000961,80
UK000962,45
UK000962,43
UK000962,17
UK000962,13
UK000963,32
UK000963,30
UK000963,1
UK000964,80
UK000965,53
UK000965,52
UK000966,49
UK000967,58
UK000967,56
UK000967,26
UK000968,53
UK000968,52
UK000969,67
UK000969,65
UK000970,53
UK000970,52
UK000971,41
UK000971,39
UK000971,14
UK000972,37
UK000972,35
UK000972,9
UK000973,67
UK000973,65
UK000974,37
UK000974,35
UK000974,9
UK000975,29
UK000976,27
UK000976,25
UK000977,72
UK000978,34
UK000978,36
UK000978,8
UK000978,5
UK000979,37
UK000979,35
UK000979,9
UK000980,72
UK000981,49
UK000982,58
UK000982,56
UK000982,26
UK000983,29
UK000984,33
UK000984,31
UK000984,3
UK000985,24
UK000985,22
UK000985,0
UK000986,80
UK000987,61
UK000987,59
UK000988,67
UK000988,65
UK000989,27
UK000989,25
UK000990,80
UK000991,24
UK000991,22
UK000991,0
UK000992,58
UK000992,56
UK000992,26
UK000993,80
UK000994,32
UK000994,30
UK000994,1
UK000995,45
UK000995,43
UK000995,17
UK000995,13
UK000996,32
UK000996,30
UK000996,1
UK000997,37
UK000997,35
UK000997,9
UK000998,37
UK000998,35
UK000998,9
UK000999,33
UK000999,31
UK000999,3
UK001000,27
UK001000,25
UK001001,32
UK001001,30
UK001001,1
UK001002,41
UK001002,39
UK001002,14
UK001003,53
UK001003,52
UK001004,53
UK001004,52
UK001005,61
UK001005,59
UK001006,72
UK001007,37
UK001007,35
UK001007,9
UK001008,49
UK001009,32
UK001009,30
UK001009,1
UK001010,24
UK001010,22
UK001010,0
UK001011,24
UK001011,22
UK001011,0
UK001012,58
UK001012,56
UK001012,26
UK001013,34
UK001013,36
UK001013,8
UK001013,5
UK001014,24
UK001014,22
UK001014,0
UK001015,67
UK001015,65
UK001016,33
UK001016,31
UK001016,3
UK001017,53
UK001017,52
UK001018,45
UK001018,43
UK001018,17
UK001018,13
UK001019,67
UK001019,65
UK001020,61
UK001020,59
UK001021,53
UK001021,52
UK001022,49
UK001023,49
UK001024,24
UK001024,22
UK001024,0
UK001025,34
UK001025,36
UK001025,8
UK001025,5
UK001026,41
UK001026,39
UK001026,14
UK001027,67
UK001027,65
UK001028,33
UK001028,31
UK001028,3
UK001029,67
UK001029,65
UK001030,72
UK001031,32
UK001031,30
UK001031,1
UK001032,58
UK001032,56
UK001032,26
UK001033,58
UK001033,56
UK001033,26
UK001034,24
UK001034,22
UK001034,0
UK001035,49
UK001036,49
UK001037,41
UK001037,39
UK001037,14
UK001038,80
UK001039,49
UK001040,33
UK001040,31
UK001040,3
UK001041,61
UK001041,59
UK001042,33
UK001042,31
UK001042,3
UK001043,58
UK001043,56
UK001043,26
UK001044,67
UK001044,65
UK001045,37
UK001045,35
UK001045,9
UK001046,72
UK001047,33
UK001047,31
UK001047,3
UK001048,61
UK001048,59
UK001049,58
UK001049,56
UK001049,26
UK001050,27
UK001050,25
UK001051,29
UK001052,34
UK001052,36
UK001052,8
UK001052,5
UK001053,32
UK001053,30
UK001053,1
UK001054,34
UK001054,36
UK001054,8
UK001054,5
UK001055,72
UK001056,49
UK001057,41
UK001057,39
UK001057,14
UK001058,33
UK001058,31
UK001058,3
UK001059,29
UK001060,53
UK001060,52
UK001061,58
UK001061,56
UK001061,26
UK001062,24
UK001062,22
UK001062,0
UK001063,45
UK001063,43
UK001063,17
UK001063,13
UK001064,67
UK001064,65
UK001065,24
UK001065,22
UK001065,0
UK001066,67
UK001066,65
UK001067,27
UK001067,25
UK001068,34
UK001068,36
UK001068,8
UK001068,5
UK001069,72
UK001070,41
UK001070,39
UK001070,14
UK001071,24
UK001071,22
UK001071,0
UK001072,32
UK001072,30
UK001072,1
UK001073,58
UK001073,56
UK001073,26
UK001074,53
UK001074,52
UK001075,33
UK001075,31
UK001075,3
UK001076,32
UK001076,30
UK001076,1
UK001077,32
UK001077,30
UK001077,1
UK001078,67
UK001078,65
UK001079,29
UK001080,61
UK001080,59
UK001081,29
UK001082,27
UK001082,25
UK001083,41
UK001083,39
UK001083,14
UK001084,37
UK001084,35
UK001084,9
UK001085,41
UK001085,39
UK001085,14
UK001086,53
UK001086,52
UK001087,27
UK001087,25
UK001088,67
UK001088,65
UK001089,53
UK001089,52
UK001090,67
UK001090,65
UK001091,67
UK001091,65
UK001092,67
UK001092,65
UK001093,33
UK001093,31
UK001093,3
UK001094,41
UK001094,39
UK001094,14
UK001095,45
UK001095,43
UK001095,17
UK001095,13
UK001096,80
UK001097,29
UK001098,67
UK001098,65
UK001099,67
UK001099,65
UK001100,34
UK001100,36
UK001100,8
UK001100,5
UK001101,45
UK001101,43
UK001101,17
UK001101,13
UK001102,37
UK001102,35
UK001102,9
UK001103,37
UK001103,35
UK001103,9
UK001104,29
UK001105,67
UK001105,65
UK001106,80
UK001107,34
UK001107,36
UK001107,8
UK001107,5
UK001108,41
UK001108,39
UK001108,14
UK001109,45
UK001109,43
UK001109,17
UK001109,13
UK001110,41
UK001110,39
UK001110,14
UK001111,49
UK001112,67
UK001112,65
UK001113,37
UK001113,35
UK001113,9
UK001114,58
UK001114,56
UK001114,26
UK001115,27
UK001115,25
UK001116,24
UK001116,22
UK001116,0
UK001117,61
UK001117,59
UK001118,32
UK001118,30
UK001118,1
UK001119,72
UK001120,41
UK001120,39
UK001120,14
UK001121,72
UK001122,29
UK001123,29
UK001124,32
UK001124,30
UK001124,1
UK001125,49
UK001126,24
UK001126,22
UK001126,0
UK001127,34
UK001127,36
UK001127,8
UK001127,5
UK001128,24
UK001128,22
UK001128,0
UK001129,37
UK001129,35
UK001129,9
UK001130,53
UK001130,52
UK001131,53
UK001131,52
UK001132,33
UK001132,31
UK001132,3
UK001133,80
UK001134,45
UK001134,43
UK001134,17
UK001134,13
UK001135,41
UK001135,39
UK001135,14
UK001136,27
UK001136,25
UK001137,34
UK001137,36
UK001137,8
UK001137,5
UK001138,41
UK001138,39
UK001138,14
UK001139,45
UK001139,43
UK001139,17
UK001139,13
UK001140,41
UK001140,39
UK001140,14
UK001141,45
UK001141,43
UK001141,17
UK001141,13
UK001142,61
UK001142,59
UK001143,27
UK001143,25
UK001144,58
UK001144,56
UK001144,26
UK001145,29
UK001146,53
UK001146,52
UK001147,27
UK001147,25
UK001148,53
UK001148,52
UK001149,80
UK001150,58
UK001150,56
UK001150,26
UK001151,32
UK001151,30
UK001151,1
UK001152,80
UK001153,33
UK001153,31
UK001153,3
UK001154,24
UK001154,22
UK001154,0
UK001155,67
UK001155,65
UK001156,27
UK001156,25
UK001157,58
UK001157,56
UK001157,26
UK001158,41
UK001158,39
UK001158,14
UK001159,41
UK001159,39
UK001159,14
UK001160,32
UK001160,30
UK001160,1
UK001161,67
UK001161,65
UK001162,27
UK001162,25
UK001163,49
UK001164,67
UK001164,65
UK001165,49
UK001166,80
UK001167,58
UK001167,56
UK001167,26
UK001168,45
UK001168,43
UK001168,17
UK001168,13
UK001169,34
UK001169,36
UK001169,8
UK001169,5
UK001170,29
UK001171,27
UK001171,25
UK001172,53
UK001172,52
UK001173,53
UK001173,52
UK001174,32
UK001174,30
UK001174,1
UK001175,61
UK001175,59
UK001176,53
UK001176,52
UK001177,27
UK001177,25
UK001178,29
UK001179,45
UK001179,43
UK001179,17
UK001179,13
UK001180,53
UK001180,52
UK001181,67
UK001181,65
UK001182,41
UK001182,39
UK001182,14
UK001183,29
UK001184,80
UK001185,58
UK001185,56
UK001185,26
UK001186,53
UK001186,52
UK001187,58
UK001187,56
UK001187,26
UK001188,61
UK001188,59
UK001189,80
UK001190,41
UK001190,39
UK001190,14
UK001191,67
UK001191,65
UK001192,72
UK001193,49
UK001194,37
UK001194,35
UK001194,9
UK001195,61
UK001195,59
UK001196,72
UK001197,45
UK001197,43
UK001197,17
UK001197,13
UK001198,67
UK001198,65
UK001199,80
UK001200,27
UK001200,25
UK001201,24
UK001201,22
UK001201,0
UK001202,27
UK001202,25
UK001203,41
UK001203,39
UK001203,14
UK001204,24
UK001204,22
UK001204,0
UK001205,24
UK001205,22
UK001205,0
UK001206,33
UK001206,31
UK001206,3
UK001207,80
UK001208,53
UK001208,52
UK001209,58
UK001209,56
UK001209,26
UK001210,33
UK001210,31
UK001210,3
UK001211,80
UK001212,41
UK001212,39
UK001212,14
UK001213,49
UK001214,37
UK001214,35
UK001214,9
UK001215,67
UK001215,65
UK001216,61
UK001216,59
UK001217,27
UK001217,25
UK001218,33
UK001218,31
UK001218,3
UK001219,34
UK001219,36
UK001219,8
UK001219,5
UK001220,80
UK001221,34
UK001221,36
UK001221,8
UK001221,5
UK001222,67
UK001222,65
UK001223,27
UK001223,25
UK001224,61
UK001224,59
UK001225,33
UK001225,31
UK001225,3
UK001226,80
UK001227,80
UK001228,80
UK001229,72
UK001230,67
UK001230,65
UK001231,27
UK001231,25
UK001232,67
UK001232,65
UK001233,34
UK001233,36
UK001233,8
UK001233,5
UK001234,72
UK001235,37
UK001235,35
UK001235,9
UK001236,80
UK001237,53
UK001237,52
UK001238,61
UK001238,59
UK001239,41
UK001239,39
UK001239,14
UK001240,24
UK001240,22
UK001240,0
UK001241,27
UK001241,25
UK001242,33
UK001242,31
UK001242,3
UK001243,34
UK001243,36
UK001243,8
UK001243,5
UK001244,53
UK001244,52
UK001245,29
UK001246,53
UK001246,52
UK001247,33
UK001247,31
UK001247,3
UK001248,34
UK001248,36
UK001248,8
UK001248,5
UK001249,72
UK001250,41
UK001250,39
UK001250,14
UK001251,67
UK001251,65
UK001252,27
UK001252,25
UK001253,32
UK001253,30
UK001253,1
UK001254,37
UK001254,35
UK001254,9
UK001255,33
UK001255,31
UK001255,3
UK001256,61
UK001256,59
UK001257,32
UK001257,30
UK001257,1
UK001258,29
UK001259,34
UK001259,36
UK001259,8
UK001259,5
UK001260,45
UK001260,43
UK001260,17
UK001260,13
UK001261,24
UK001261,22
UK001261,0
UK001262,49
UK001263,58
UK001263,56
UK001263,26
UK001264,34
UK001264,36
UK001264,8
UK001264,5
UK001265,33
UK001265,31
UK001265,3
UK001266,33
UK001266,31
UK001266,3
UK001267,24
UK001267,22
UK001267,0
UK001268,80
UK001269,33
UK001269,31
UK001269,3
UK001270,32
UK001270,30
UK001270,1
UK001271,34
UK001271,36
UK001271,8
UK001271,5
UK001272,49
UK001273,53
UK001273,52
UK001274,58
UK001274,56
UK001274,26
UK001275,32
UK001275,30
UK001275,1
UK001276,27
UK001276,25
UK001277,80
UK001278,53
UK001278,52
UK001279,29
UK001280,67
UK001280,65
UK001281,32
UK001281,30
UK001281,1
UK001282,58
UK001282,56
UK001282,26
UK001283,41
UK001283,39
UK001283,14
UK001284,24
UK001284,22
UK001284,0
UK001285,37
UK001285,35
UK001285,9
UK001286,34
UK001286,36
UK001286,8
UK001286,5
UK001287,24
UK001287,22
UK001287,0
UK001288,80
UK001289,32
UK001289,30
UK001289,1
UK001290,61
UK001290,59
UK001291,72
UK001292,32
UK001292,30
UK001292,1
UK001293,27
UK001293,25
UK001294,67
UK001294,65
UK001295,24
UK001295,22
UK001295,0
UK001296,49
UK001297,29
UK001298,49
UK001299,37
UK001299,35
UK001299,9
UK001300,29
UK001301,24
UK001301,22
UK001301,0
UK001302,24
UK001302,22
UK001302,0
UK001303,72
UK001304,67
UK001304,65
UK001305,24
UK001305,22
UK001305,0
UK001306,33
UK001306,31
UK001306,3
UK001307,45
UK001307,43
UK001307,17
UK001307,13
UK001308,61
UK001308,59
UK001309,80
UK001310,33
UK001310,31
UK001310,3
UK001311,29
UK001312,34
UK001312,36
UK001312,8
UK001312,5
UK001313,80
UK001314,45
UK001314,43
UK001314,17
UK001314,13
UK001315,61
UK001315,59
UK001316,41
UK001316,39
UK001316,14
UK001317,34
UK001317,36
UK001317,8
UK001317,5
UK001318,58
UK001318,56
UK001318,26
UK001319,49
UK001320,61
UK001320,59
UK001321,37
UK001321,35
UK001321,9
UK001322,80
UK001323,27
UK001323,25
UK001324,32
UK001324,30
UK001324,1
UK001325,49
UK001326,53
UK001326,52
UK001327,33
UK001327,31
UK001327,3
UK001328,41
UK001328,39
UK001328,14
UK001329,61
UK001329,59
UK001330,41
UK001330,39
UK001330,14
UK001331,37
UK001331,35
UK001331,9
UK001332,24
UK001332,22
UK001332,0
UK001333,72
UK001334,34
UK001334,36
UK001334,8
UK001334,5
UK001335,61
UK001335,59
UK001336,33
UK001336,31
UK001336,3
UK001337,29
UK001338,67
UK001338,65
UK001339,80
UK001340,37
UK001340,35
UK001340,9
UK001341,45
UK001341,43
UK001341,17
UK001341,13
UK001342,33
UK001342,31
UK001342,3
UK001343,80
UK001344,33
UK001344,31
UK001344,3
UK001345,32
UK001345,30
UK001345,1
UK001346,72
UK001347,80
UK001348,80
UK001349,80
UK001350,49
UK001351,34
UK001351,36
UK001351,8
UK001351,5
UK001352,41
UK001352,39
UK001352,14
UK001353,72
UK001354,37
UK001354,35
UK001354,9
UK001355,41
UK001355,39
UK001355,14
UK001356,45
UK001356,43
UK001356,17
UK001356,13
UK001357,41
UK001357,39
UK001357,14
UK001358,24
UK001358,22
UK001358,0
UK001359,72
UK001360,27
UK001360,25
UK001361,72
UK001362,53
UK001362,52
UK001363,80
UK001364,45
UK001364,43
UK001364,17
UK001364,13
UK001365,58
UK001365,56
UK001365,26
UK001366,61
UK001366,59
UK001367,45
UK001367,43
UK001367,17
UK001367,13
UK001368,33
UK001368,31
UK001368,3
UK001369,24
UK001369,22
UK001369,0
UK001370,24
UK001370,22
UK001370,0
UK001371,27
UK001371,25
UK001372,61
UK001372,59
UK001373,67
UK001373,65
UK001374,34
UK001374,36
UK001374,8
UK001374,5
UK001375,33
UK001375,31
UK001375,3
UK001376,45
UK001376,43
UK001376,17
UK001376,13
UK001377,61
UK001377,59
UK001378,32
UK001378,30
UK001378,1
UK001379,72
UK001380,58
UK001380,56
UK001380,26
UK001381,80
UK001382,72
UK001383,24
UK001383,22
UK001383,0
UK001384,32
UK001384,30
UK001384,1
UK001385,53
UK001385,52
UK001386,37
UK001386,35
UK001386,9
UK001387,37
UK001387,35
UK001387,9
UK001388,37
UK001388,35
UK001388,9
UK001389,58
UK001389,56
UK001389,26
UK001390,37
UK001390,35
UK001390,9
UK001391,72
UK001392,29
UK001393,33
UK001393,31
UK001393,3
UK001394,58
UK001394,56
UK001394,26
UK001395,45
UK001395,43
UK001395,17
UK001395,13
UK001396,24
UK001396,22
UK001396,0
UK001397,58
UK001397,56
UK001397,26
UK001398,67
UK001398,65
UK001399,32
UK001399,30
UK001399,1
UK001400,80
UK001401,67
UK001401,65
UK001402,58
UK001402,56
UK001402,26
UK001403,32
UK001403,30
UK001403,1
UK001404,37
UK001404,35
UK001404,9
UK001405,61
UK001405,59
UK001406,37
UK001406,35
UK001406,9
UK001407,32
UK001407,30
UK001407,1
UK001408,32
UK001408,30
UK001408,1
UK001409,72
UK001410,29
UK001411,49
UK001412,53
UK001412,52
UK001413,80
UK001414,32
UK001414,30
UK001414,1
UK001415,41
UK001415,39
UK001415,14
UK001416,45
UK001416,43
UK001416,17
UK001416,13
UK001417,80
UK001418,29
UK001419,29
UK001420,33
UK001420,31
UK001420,3
UK001421,32
UK001421,30
UK001421,1
UK001422,37
UK001422,35
UK001422,9
UK001423,53
UK001423,52
UK001424,37
UK001424,35
UK001424,9
UK001425,41
UK001425,39
UK001425,14
UK001426,24
UK001426,22
UK001426,0
UK001427,37
UK001427,35
UK001427,9
UK001428,41
UK001428,39
UK001428,14
UK001429,61
UK001429,59
UK001430,29
UK001431,61
UK001431,59
UK001432,72
UK001433,27
UK001433,25
UK001434,33
UK001434,31
UK001434,3
UK001435,67
UK001435,65
UK001436,72
UK001437,24
UK001437,22
UK001437,0
UK001438,33
UK001438,31
UK001438,3
UK001439,33
UK001439,31
UK001439,3
UK001440,72
UK001441,34
UK001441,36
UK001441,8
UK001441,5
UK001442,33
UK001442,31
UK001442,3
UK001443,29
UK001444,67
UK001444,65
UK001445,58
UK001445,56
UK001445,26
UK001446,72
UK001447,67
UK001447,65
UK001448,32
UK001448,30
UK001448,1
UK001449,49
UK001450,37
UK001450,35
UK001450,9
UK001451,33
UK001451,31
UK001451,3
UK001452,58
UK001452,56
UK001452,26
UK001453,72
UK001454,53
UK001454,52
UK001455,61
UK001455,59
UK001456,67
UK001456,65
UK001457,29
UK001458,45
UK001458,43
UK001458,17
UK001458,13
UK001459,41
UK001459,39
UK001459,14
UK001460,41
UK001460,39
UK001460,14
UK001461,34
UK001461,36
UK001461,8
UK001461,5
UK001462,41
UK001462,39
UK001462,14
UK001463,37
UK001463,35
UK001463,9
UK001464,53
UK001464,52
UK001465,27
UK001465,25
UK001466,61
UK001466,59
UK001467,27
UK001467,25
UK001468,72
UK001469,72
UK001470,67
UK001470,65
UK001471,41
UK001471,39
UK001471,14
UK001472,33
UK001472,31
UK001472,3
UK001473,34
UK001473,36
UK001473,8
UK001473,5
UK001474,49
UK001475,24
UK001475,22
UK001475,0
UK001476,24
UK001476,22
UK001476,0
UK001477,41
UK001477,39
UK001477,14
UK001478,80
UK001479,72
UK001480,49
UK001481,27
UK001481,25
UK001482,27
UK001482,25
UK001483,32
UK001483,30
UK001483,1
UK001484,80
UK001485,41
UK001485,39
UK001485,14
UK001486,53
UK001486,52
UK001487,61
UK001487,59
UK001488,32
UK001488,30
UK001488,1
UK001489,67
UK001489,65
UK001490,29
UK001491,61
UK001491,59
UK001492,37
UK001492,35
UK001492,9
UK001493,24
UK001493,22
UK001493,0
UK001494,49
UK001495,58
UK001495,56
UK001495,26
UK001496,37
UK001496,35
UK001496,9
UK001497,53
UK001497,52
UK001498,37
UK001498,35
UK001498,9
UK001499,29
UK001500,72
